{"cameraMode":{"drawMode":0,"name":"Shaded","section":"Shading Mode"},"sceneLighting":true,"audioPlay":false,"sceneViewState":{"m_AlwaysRefresh":false,"showFog":true,"showSkybox":true,"showFlares":true,"showImageEffects":true,"showParticleSystems":true,"showVisualEffectGraphs":true,"m_FxEnabled":true},"in2DMode":false,"pivot":{"x":-25.948246002197267,"y":-1.6068711280822755,"z":13.169485092163086},"rotation":{"x":0.0723346546292305,"y":-0.4655289351940155,"z":0.03821093961596489,"w":0.8812451958656311},"size":20.379104614257814,"orthographic":false}