{"cameraMode":{"drawMode":0,"name":"Shaded","section":"Shading Mode"},"sceneLighting":true,"audioPlay":false,"sceneViewState":{"m_AlwaysRefresh":false,"showFog":true,"showSkybox":true,"showFlares":true,"showImageEffects":true,"showParticleSystems":true,"showVisualEffectGraphs":true,"m_FxEnabled":true},"in2DMode":false,"pivot":{"x":-0.3739926815032959,"y":0.050655364990234378,"z":-1.6621744632720948},"rotation":{"x":0.11418615281581879,"y":-0.7125194668769836,"z":0.11929958313703537,"w":0.681950032711029},"size":25.451969146728517,"orthographic":false}