{"cameraMode":{"drawMode":0,"name":"Shaded","section":"Shading Mode"},"sceneLighting":false,"audioPlay":false,"sceneViewState":{"m_AlwaysRefresh":false,"showFog":true,"showSkybox":false,"showFlares":true,"showImageEffects":true,"showParticleSystems":true,"showVisualEffectGraphs":true,"m_FxEnabled":true},"in2DMode":false,"pivot":{"x":-18.272857666015626,"y":6.230964660644531,"z":17.32697105407715},"rotation":{"x":-0.008092977106571198,"y":-0.04648186266422272,"z":-0.0003766052541323006,"w":0.9988867044448853},"size":9.097039222717286,"orthographic":false}